mkt,ticker,open,previous_close,high,low,close,direction,change,,,volume,,,,,
Reg,786,5.42,5.2,5.42,5.39,5.4,+,0.2,8,63,340.28,,,,,
Reg,AABS,508,500.86,508.95,502.11,502.11,+,1.25,9,85,42890.13,,,,,
Reg,AATM,21.66,19.88,21.67,21.59,21.67,+,1.79,23,4950,107194.5,,,,,
Reg,ABL,113.5,111,113.5,110.01,110.3,-,-0.7,8,93,10386.57,,,,,ODL
Reg,ABOT,710,708.78,710,650.1,701,-,-7.78,16,395,274683.95,,,,,ODD lot
Reg,ACIETF,10.9,10.26,11.07,10.9,11.06,+,0.8,4,4000,44015,,,,,
Reg,ACPL,98.99,98.46,99.59,98.6,98.95,+,0.49,23,69241,6838755.9,,,,,
Reg,ADAMS,43.38,42,43.38,42.1,43.23,+,1.23,5,2017,84935.21,,,,,
Reg,ADMM,48.3,47.51,48.3,46.05,46.05,-,-1.46,50,22002,1026568.74,,,,,
Reg,AGHA,10.08,10.12,10.15,9.92,10.08,-,-0.04,424,824892,8267495.66,,,,,
FUT,AGHA-JUL,10.25,10.55,10.26,10.15,10.25,-,-0.3,8,5500,56240,,,,,
FUT,AGHA-JUN,10.12,10.16,10.35,10,10.35,+,0.19,180,548000,5485775,,,,,
Reg,AGIC,19,18.85,19,19,19,+,0.15,1,2000,38000,,,,,
Reg,AGIL,92.99,89.81,93,92.98,92.98,+,3.17,14,8960,833042,,,,,
Reg,AGL,21.19,20.96,21.99,21,21.25,+,0.29,1305,2562267,55352640.63,,,,,
FUT,AGL-JUL,21.3,21.19,22.32,21.3,21.55,+,0.36,386,1345500,29368820,,,,,
FUT,AGL-JUN,21.1,21.01,21.98,21.1,21.25,+,0.24,544,1738500,37433190,,,,,
Reg,AGP,86.51,88.2,88.9,86.51,88.9,+,0.7,14,2596,226249.91,,,,,
Reg,AGSML,5.5,5.52,5.5,5.5,5.5,-,-0.02,1,100,550,,,,,
Reg,AGTL,350.01,350,350.01,350,350,#ERROR!,0,4,210,73500.01,,,,,
Reg,AHCL,46.8,43.08,46.8,43.31,45,+,1.92,60,876357,39015680.64,,,,,
Reg,AHL,55.61,55.87,56.73,55.61,56.2,+,0.33,15,6208,347736.84,,,,,
Reg,AICL,35,35.25,35,35,35,-,-0.25,5,1267,44401.94,,,,,
Reg,AIRLINK,89,88.69,89.98,88.55,88.65,-,-0.04,1490,1688378,150691291.4,,,,,
FUT,AIRLINK-JUL,90.1,89.98,91.2,89.75,90.19,+,0.21,509,1354000,122576060,,,,,
FUT,AIRLINK-JUN,89,88.87,90,88.68,88.71,-,-0.16,316,777000,69351335,,,,,
Reg,AKBL,22.51,22.62,22.87,22.11,22.12,-,-0.5,156,172259,3852057.64,,,,,
FUT,AKBL-JUN,22.75,22.63,22.75,22.13,22.15,-,-0.48,61,165000,3688370,,,,,
Reg,AKDHL,118.06,119.98,118.06,118.06,118.06,-,-1.92,1,50,5903,,,,,
Reg,AKDSL,18.19,18.18,18.75,17.5,17.52,-,-0.66,16,59199,1093759.73,,,,,
Reg,ALAC,5.1,4.89,5.1,5.1,5.1,+,0.21,1,50,255,,,,,
Reg,ALIFE,34.82,35.66,36.44,34.82,36.44,+,0.78,2,3000,106890,,,,,
Reg,ALTN,23.2,23.53,23.63,23.1,23.4,-,-0.13,8,7692,178475.23,,,,,
Reg,AMTEX,3.1,3.05,3.25,3.07,3.17,+,0.12,235,540025,1687689,,,,,
Reg,ANL,7.6,7.45,7.64,7.36,7.38,-,-0.07,53,56087,417513.2,,,,,
Reg,APL,390.95,387.45,392,385.15,387,-,-0.45,89,8795,3418220.75,,,,,
Reg,ARCTM,13.5,13.49,13.65,13.5,13.65,+,0.16,7,10922,147567,,,,,
Reg,ARPL,355,359.65,358,327.28,348,-,-11.65,54,117250,41708010.51,,,,,
Reg,ARUJ,17.99,18.08,17.99,17.99,17.99,-,-0.09,1,5,89.95,,,,,
Reg,ASC,8.3,8.27,8.33,8.1,8.16,-,-0.11,103,136296,1122025.22,,,,,
FUT,ASC-JUL,8.42,8.35,8.42,8.35,8.35,#ERROR!,0,118,561000,4722325,,,,,
FUT,ASC-JUN,8.3,8.22,8.3,8.1,8.27,+,0.05,130,582000,4828615,,,,,
Reg,ASL,7.65,7.6,7.78,7.51,7.6,#ERROR!,0,139,596612,4545081.57,,,,,
FUT,ASL-JUL,7.76,7.8,7.76,7.75,7.75,-,-0.05,118,270000,2093000,,,,,
FUT,ASL-JUN,7.65,7.73,7.65,7.62,7.62,-,-0.11,117,272000,2078175,,,,,
Reg,ASTL,27.65,27.41,27.7,27,27.03,-,-0.38,79,105626,2906195.11,,,,,
Reg,ASTM,10.5,9.93,10.5,9.35,10,+,0.07,10,509,5091.14,,,,,
Reg,ATBA,302,300.93,307.5,301.5,302,+,1.07,138,12208,3722817.42,,,,,
Reg,ATLH,489.82,484.83,490,481,485.01,+,0.18,42,4256,2072835.89,,,,,
Reg,ATRL,364.5,360.06,364.5,357.5,357.5,-,-2.56,516,136126,49079343.14,,,,,
FUT,ATRL-JUL,366,366,368,362.5,363,-,-3,127,161500,59110650,,,,,
FUT,ATRL-JUN,361,361.18,363.4,355.59,358.5,-,-2.68,178,203000,73315910,,,,,
Reg,AVN,55.26,54.99,55.95,54.9,55.4,+,0.41,820,733466,40752755.77,,,,,
FUT,AVN-JUL,56.15,56.02,56.97,55.8,56,-,-0.02,234,353500,19969465,,,,,
FUT,AVN-JUNB,55.3,55.21,56.1,55,55.3,+,0.09,311,390500,21728980,,,,,
Reg,BAFL,66.55,67.24,67.98,66.55,67.5,+,0.26,232,487010,32576276.91,,,,,
FUT,BAFL-JUL,69,67,70.99,68,70.99,+,3.99,5,2500,172745,,,,,
FUT,BAFL-JUNB,67,67,68,67,68,+,1,5,2500,168000,,,,,
Reg,BAHL,109.3,108.82,111,108.51,110,+,1.18,65,95137,10417975.8,,,,,
Reg,BAPL,37,39.56,40.9,37,38.5,-,-1.06,56,27591,1048432.8,,,,,
Reg,BATA,1700,1700,1700.01,1700,1700.01,+,0.01,5,154,261801,,,,,
Reg,BCL,133,131.21,133,130.25,130.51,-,-0.7,26,5741,756169.78,,,,,
Reg,BECO,6.48,6.25,6.48,6.1,6.1,-,-0.15,3,12,77.08,,,,,
Reg,BELA,106.68,97.87,106.68,106.68,106.68,+,8.81,8,9010,961186.8,,,,,
Reg,BERG,73,73.04,73.98,72,73,-,-0.04,9,2025,146889,,,,,
Reg,BGL,13.97,13.76,13.97,13.61,13.71,-,-0.05,143,207052,2836769.63,,,,,
Reg,BIFO,103.9,102.01,103.9,101.55,103,+,0.99,24,12547,1280550.26,,,,,
Reg,BILF,2.8,2.92,3.19,2.8,3,+,0.08,41,41966,127397.49,,,,,
Reg,BIPL,21.97,21.92,22.2,21.86,21.91,-,-0.01,139,103257,2268707.63,,,,,
FUT,BIPL-JUL,20.62,22.27,22.48,20.62,22.48,+,0.21,8,11500,246160,,,,,
FUT,BIPL-JUN,22.49,21.84,22.5,21,22.1,+,0.26,19,14500,316035,,,,,
Reg,BML,1.97,1.95,1.98,1.87,1.88,-,-0.07,164,376801,719898.13,,,,,
FUT,BML-JUN,1.88,1.92,1.88,1.86,1.86,-,-0.06,12,31500,59100,,,,,
Reg,BNWM,27.25,27.7,27.5,27.25,27.3,-,-0.4,6,7004,193184,,,,,
Reg,BOK,11.4,11.15,11.4,11.39,11.39,+,0.24,2,1505,17156.95,,,,,
Reg,BOP,4.83,4.84,4.88,4.77,4.78,-,-0.06,694,3169070,15208042.87,,,,,
FUT,BOP-JUL,4.88,4.97,4.9,4.86,4.86,-,-0.11,29,898000,4423255,,,,,
FUT,BOP-JUN,4.81,4.85,4.9,4.75,4.79,-,-0.06,97,1186500,5730805,,,,,
Reg,BPL,0,24.75,0,0,0,#ERROR!,0,2,10000,253550,,,,,
Reg,BRRG,14.98,14.4,14.98,14.98,14.98,+,0.58,2,101000,1458980,,,,,
Reg,BWCL,222,219.46,223,222,222,+,2.54,7,19,4223.99,,,,,
Reg,BWHL,134.02,136.08,135,129,130.01,-,-6.07,40,1680,223468.7,,,,,
Reg,CCM,100.3,92.1,100.3,100.3,100.3,+,8.2,1,2,200.6,,,,,
Reg,CENI,26.99,25,26.99,24.03,24.5,-,-0.5,16,10600,257583.98,,,,,
Reg,CEPB,30.25,30.27,30.43,30,30.4,+,0.13,53,49761,1501819.69,,,,,
Reg,CHAS,75,71.19,75,65.01,72,+,0.81,7,773,51465.7,,,,,
Reg,CHBL,3.84,3.69,3.84,3.5,3.65,-,-0.04,52,100440,365859.24,,,,,
Reg,CHCC,161.8,160.45,162.6,161,161.5,+,1.05,54,2639,426645.43,,,,,
FUT,CHCC-JUL,163.55,162,163.55,163.48,163.48,+,1.48,12,20500,3352670,,,,,
FUT,CHCC-JUN,158,162,161,158,161,-,-1,12,20500,3297500,,,,,
Reg,CJPL,2.4,2.63,2.66,2.4,2.66,+,0.03,14,4506,11909.25,,,,,
Reg,CLCPS,1.71,1.74,1.89,1.52,1.79,+,0.05,35,158526,285092.44,,,,,
Reg,CLOV,49.95,49.62,49.95,48,48.7,-,-0.92,139,51470,2515315.67,,,,,
Reg,CLVL,6.8,6.45,6.8,6.4,6.6,+,0.15,10,865,5541.99,,,,,
Reg,CNERGY,3.93,3.96,4.04,3.93,3.98,+,0.02,710,3638523,14516669.17,,,,,
FUT,CNERGY-JUL,4.07,4.03,4.1,4.01,4.01,-,-0.02,283,1506500,6094815,,,,,
FUT,CNERGY-JUN,4,3.97,4.05,3.95,3.95,-,-0.02,474,3378500,13508295,,,,,
Reg,COLG,1230.01,1230,1234,1227,1229,-,-1,117,1725,2120820.58,,,,,
Reg,CPHL,27.85,27.87,28.17,27.42,28.14,+,0.27,267,267033,7441276.5,,,,,
FUT,CPHL-JUL,28.3,28,28.31,28.26,28.31,+,0.31,8,110500,3123555,,,,,
FUT,CPHL-JUN,28.11,28,28.25,27.77,27.93,-,-0.07,28,51000,1426840,,,,,
Reg,CPPL,119.95,119.46,119.95,117.6,118.01,-,-1.45,30,49538,5910260.14,,,,,
Reg,CRTM,13.31,13.5,13.93,13.31,13.36,-,-0.14,20,14881,198854.65,,,,,
Reg,CSAP,55.25,54.98,55.25,54.5,54.5,-,-0.48,24,8289,454733.08,,,,,
Reg,CSIL,2.98,2.94,3,2.9,2.95,+,0.01,88,3276675,9552802.34,,,,,
Reg,CTM,3.01,2.95,3.13,2.96,3.01,+,0.06,43,128935,391350.44,,,,,
Reg,CWSM,29.85,29.93,30.3,27.24,28.21,-,-1.72,1107,769099,21724240.57,,,,,
Reg,DAAG,206.57,189.51,206.57,206.57,206.57,+,17.06,24,3825,790130.25,,,,,
Reg,DAWH,161.88,161.02,163,160.5,161.4,+,0.38,126,87237,14154386.21,,,,,
Reg,DBCI,4.95,4.84,4.99,4.7,4.77,-,-0.07,126,206986,993549.51,,,,,
Reg,DCL,8.9,9.01,9.1,8.9,9,-,-0.01,223,753591,6786389.74,,,,,
FUT,DCL-JUL,9.18,9.16,9.2,9.08,9.14,-,-0.02,60,190500,1741215,,,,,
FUT,DCL-JUN,9,9.02,9.08,8.95,9,-,-0.02,58,140500,1267120,,,,,
Reg,DCR,16.29,16.29,16.32,16.26,16.32,+,0.03,71,172291,2808103.89,,,,,
Reg,DEL,5,5.02,5.1,5,5.08,+,0.06,3,2001,10165.02,,,,,
Reg,DFML,40.85,40.32,40.99,40.1,40.63,+,0.31,1924,2220067,90032612.26,,,,,
FUT,DFML-AUG,0,39,0,0,0,#ERROR!,0,1,1000,39000,,,,,
FUT,DFML-JUL,41.19,41.02,41.5,40.7,41.25,+,0.23,862,2553500,105348855,,,,,
FUT,DFML-JUN,40.56,40.51,40.99,40.16,40.73,+,0.22,858,2389000,97179085,,,,,
Reg,DFSM,3.28,3.4,3.55,3.28,3.49,+,0.09,57,22812,78255.47,,,,,
Reg,DGKC,90.6,90.21,91.24,89.9,90.5,+,0.29,1147,1055485,95653461.34,,,,,
FUT,DGKC-JUL,91.5,91.95,92.48,91.25,91.99,+,0.04,301,865500,79648900,,,,,
FUT,DGKC-JUN,90.03,90.59,91.3,90.03,90.8,+,0.21,379,1083000,98427380,,,,,
Reg,DMTM,9.82,8.82,9.82,9.82,9.82,+,1,5,3001,29469.82,,,,,
Reg,DNCC,13.76,13.75,13.76,13.75,13.75,#ERROR!,0,2,7800,107255,,,,,
Reg,DOL,22.82,22.8,23.31,22,22.05,-,-0.75,1184,1170316,26431108.72,,,,,
FUT,DOL-JUL,23,23.3,23.22,22.5,22.5,-,-0.8,105,82000,1867440,,,,,
FUT,DOL-JUN,23,22.96,23,22.01,22.21,-,-0.75,63,43500,974515,,,,,
Reg,DSIL,3.45,3.42,3.54,3.36,3.49,+,0.07,96,274599,960051.61,,,,,
Reg,DSL,5.75,5.73,5.8,5.75,5.79,+,0.06,11,207920,1191355.8,,,,,
Reg,DSML,24.14,22.19,24.14,20.2,24,+,1.81,5,5,112.68,,,,,
Reg,DWAE,19.96,18.31,19.96,19.96,19.96,+,1.65,3,985,19660.6,,,,,
Reg,DWSM,5,4.77,5,4.05,4.5,-,-0.27,74,121394,520723.05,,,,,
Reg,DWTM,4.15,4.42,4.15,4.15,4.15,-,-0.27,1,1,4.15,,,,,
Reg,DYNO,221.01,226.98,228.95,221.01,228,+,1.02,9,208,46803.25,,,,,
Reg,ECOP,17.16,15.74,17.16,15.9,16.2,+,0.46,98,100713,1689193.58,,,,,
Reg,EFERT,163,163.62,168.1,163,167.33,+,3.71,1662,955256,159324919.4,,,,,
FUT,EFERT-JUL,167.5,164,170,167.5,170,+,6,9,5500,930740,,,,,
FUT,EFERT-JUNB,165,164,168,165,167,+,3,13,10000,1669850,,,,,
Reg,EFGH,26.99,26.26,26.99,26.99,26.99,+,0.73,1,100,2699,,,,,
Reg,EFUL,193.01,195,193.55,192.05,193.55,-,-1.45,6,4600,885995,,,,,
Reg,EMCO,35.69,32.74,35.69,34.7,35.1,+,2.36,84,43405,1542100.31,,,,,
Reg,ENGRO,336.12,336.84,341.9,336.07,339.06,+,2.22,653,109328,37061777.51,,,,,
FUT,ENGRO-JUL,344.8,340,345,344.8,345,+,5,2,1000,344900,,,,,
FUT,ENGRO-JUNB,337,337,341.4,337,341.4,+,4.4,8,6500,2197400,,,,,
Reg,EPCL,46.41,46.1,46.45,45.55,45.6,-,-0.5,511,346437,15988683.15,,,,,
FUT,EPCL-JUL,47,47.08,47,46.55,46.9,-,-0.18,10,9000,419750,,,,,
FUT,EPCL-JUN,46.39,46.38,46.39,46,46,-,-0.38,6,4500,208365,,,,,
Reg,EPCLPS,11.8,11.49,11.8,11.8,11.8,+,0.31,1,101,1191.8,,,,,
Reg,EPQL,28.38,27.88,28.38,27.91,28.17,+,0.29,147,243656,6848922.8,,,,,
FUT,EPQL-JUL,28.5,28.47,28.5,26.25,28,-,-0.47,12,15000,407675,,,,,
FUT,EPQL-JUN,28,27.9,30.39,25.56,28.25,+,0.35,13,15000,410390,,,,,
Reg,ESBL,3.99,3.83,4,3.99,4,+,0.17,2,2000,7997,,,,,
Reg,EXIDE,589,582.49,598.98,581,588.5,+,6.01,164,12388,7348358.58,,,,,
Reg,FABL,45.98,46,46.01,45.3,45.45,-,-0.55,590,972593,44264705.97,,,,,
FUT,FABL-JUL,46.1,46.69,46.4,45.5,46.25,-,-0.44,56,1815000,84084195,,,,,
FUT,FABL-JUNB,45.7,45.99,45.7,45,45.69,-,-0.3,56,1674000,76165920,,,,,
Reg,FASM,280,280,290,280,290,+,10,6,6,1719.59,,,,,
Reg,FATIMA,52.11,52.11,53,51.26,52.4,+,0.29,470,572486,30077914.77,,,,,
Reg,FCCL,23.02,23.01,23.23,22.8,22.83,-,-0.18,847,1682348,38738057.21,,,,,
FUT,FCCL-JUL,23.5,23.43,23.57,23.15,23.15,-,-0.28,145,2008500,46999395,,,,,
FUT,FCCL-JUN,23.15,23.1,23.4,22.6,22.9,-,-0.2,223,2224500,51291115,,,,,
Reg,FCEL,10.5,9.53,10.5,10.5,10.5,+,0.97,1,1,10.5,,,,,
Reg,FCEPL,72.8,72.58,73.4,72.5,72.5,-,-0.08,43,92455,6756715.08,,,,,
Reg,FCIBL,8.23,7.9,8.23,8.17,8.17,+,0.27,2,563,4629.71,,,,,
Reg,FCL,23.49,23.49,23.68,23.45,23.52,+,0.03,148,230432,5420101.48,,,,,
Reg,FCSC,1.3,1.34,1.4,1.29,1.32,-,-0.02,65,104909,141974.15,,,,,
Reg,FDPL,2.48,2.21,2.48,2.12,2.25,+,0.04,29,14890,34220.19,,,,,
Reg,FECM,5,5.03,5.01,4.9,5.01,-,-0.02,9,4501,22525.6,,,,,
Reg,FECTC,30,30,30,29.51,29.51,-,-0.49,9,54501,1632247,,,,,
Reg,FEM,2.78,2.78,2.78,2.6,2.6,-,-0.18,9,12000,31392.1,,,,,
Reg,FEROZ,235.05,241,250,224,241.17,+,0.17,63,11851,2791988.48,,,,,
Reg,FFBL,33.65,33.54,34.4,33.5,33.8,+,0.26,720,1167332,39822656.65,,,,,
FUT,FFBL-JUL,34.25,34.13,34.94,34.25,34.4,+,0.27,51,103000,3567555,,,,,
FUT,FFBL-JUN,33.95,33.6,34.44,33.32,33.51,-,-0.09,105,135500,4629515,,,,,
Reg,FFC,151.05,151.78,160.2,151,158.5,+,6.72,1651,2183356,344990065.9,,,,,
FUT,FFC-JULB,159.95,154.98,161.1,159.95,161.1,+,6.12,6,5000,803875,,,,,
FUT,FFC-JUNB,154.5,152,160,154.5,158.1,+,6.1,12,12500,1976250,,,,,
Reg,FFL,9.15,9.12,9.2,9.12,9.12,#ERROR!,0,344,1161689,10627568.21,,,,,
FUT,FFL-JUL,9.3,9.27,9.35,9.2,9.2,-,-0.07,168,917500,8539150,,,,,
FUT,FFL-JUN,9.17,9.16,9.22,9.15,9.17,+,0.01,234,738500,6768300,,,,,
Reg,FFLM,2.15,2.19,2.2,2.14,2.2,+,0.01,7,11500,24850.3,,,,,
Reg,FHAM,16.41,15.85,16.41,16,16,+,0.15,12,4951,79267.02,,,,,
Reg,FLYNG,8.7,8.65,8.95,8.68,8.68,+,0.03,108,374301,3304140.49,,,,,
FUT,FLYNG-JUL,8.5,8.84,8.97,8.5,8.97,+,0.13,124,275500,2469200,,,,,
FUT,FLYNG-JUN,8.55,8.75,8.96,8.55,8.84,+,0.09,170,334000,2954540,,,,,
Reg,FML,84.99,78,84.99,84.99,84.99,+,6.99,1,1,84.99,,,,,
Reg,FNEL,3.94,3.83,3.94,3.75,3.8,-,-0.03,103,196849,752396.37,,,,,
Reg,FPJM,1.35,1.45,1.5,1.35,1.5,+,0.05,2,2,2.85,,,,,
Reg,FRSM,55,53.84,58.68,55,55,+,1.16,11,24606,1365416.6,,,,,
Reg,FTMM,4.75,4.55,4.75,4.75,4.75,+,0.2,2,7,32.05,,,,,
Reg,FTSM,16.01,16,16.99,16,16.99,+,0.99,6,302,5128.12,,,,,
Reg,FZCM,125,130,125,125,125,-,-5,1,100,12500,,,,,
Reg,GADT,175.05,175,178.79,171.99,172,-,-3,35,2944,511435.45,,,,,
Reg,GAL,178.9,177.86,182.95,178.9,179.99,+,2.13,1570,727927,132110591.7,,,,,
Reg,GAMON,9.99,9.56,9.99,9.97,9.98,+,0.42,9,40030,398699.31,,,,,
Reg,GATI,214.89,218.77,214.89,210,214.89,-,-3.88,6,1141,242236.48,,,,,
Reg,GATM,20.5,20.38,20.64,20.3,20.41,+,0.03,155,125222,2566931.76,,,,,
FUT,GATM-JUL,20.81,20.75,20.81,20.73,20.73,-,-0.02,13,33000,685780,,,,,
FUT,GATM-JUN,20.57,20.5,20.63,20.53,20.53,+,0.03,11,20000,411055,,,,,
Reg,GCIL,11.5,11.4,11.5,11.25,11.3,-,-0.1,60,80895,920463.12,,,,,
Reg,GEMBLUEX,18,19.5,18,18,18,-,-1.5,1,500,9000,,,,,
Reg,GEMMEL,20,20,20,20,20,#ERROR!,0,4,7802,156040,,,,,
Reg,GEMPAPL,7.99,7.99,8.25,7.99,8,+,0.01,5,2500,20047.32,,,,,
Reg,GFIL,10.7,10.82,10.7,9.83,9.83,-,-0.99,3,3,31.13,,,,,
Reg,GGGL,6.24,6.24,6.38,6.23,6.25,+,0.01,102,163631,1024945.38,,,,,
Reg,GGL,9.9,9.9,9.97,9.87,9.9,#ERROR!,0,323,426883,4230345.54,,,,,
FUT,GGL-JUL,10,10.06,10.13,9.97,10.05,-,-0.01,146,436000,4402580,,,,,
FUT,GGL-JUN,9.94,9.93,9.98,9.9,9.9,-,-0.03,218,399000,3969295,,,,,
Reg,GHGL,26.4,26.29,26.7,26.2,26.25,-,-0.04,84,147597,3884815.5,,,,,
FUT,GHGL-JUN,26.25,26.39,26.35,26.25,26.35,-,-0.04,4,10500,276625,,,,,
Reg,GHNI,274.8,272.65,285,274,278.7,+,6.05,1291,453035,127218150.3,,,,,
Reg,GLAXO,138.98,139.51,139,137.15,138,-,-1.51,29,51789,7181893.24,,,,,
Reg,GRR,13.6,13.91,13.6,13.5,13.5,-,-0.41,4,1000,13527,,,,,
Reg,GSPM,2.61,2.7,3.15,2.61,2.7,#ERROR!,0,25,20646,55778.78,,,,,
Reg,GTYR,41.97,41.72,42.35,41.51,41.92,+,0.2,79,79638,3338298.72,,,,,
Reg,GUSM,2.32,2.7,2.55,2.32,2.55,-,-0.15,2,501,1277.32,,,,,
Reg,GVGL,40.08,40.84,40.2,40,40.2,-,-0.64,18,7026,281806.68,,,,,
Reg,GWLC,30.1,30.01,30.5,30,30,-,-0.01,97,123815,3752572.38,,,,,
Reg,HABSM,64,65.44,65.49,63.9,63.9,-,-1.54,29,1038,66417.4,,,,,
Reg,HAEL,12.6,12.43,13.55,12.6,13.2,+,0.77,176,198579,2591835.77,,,,,
Reg,HALEON,275.01,281.23,283,275.01,282,+,0.77,7,1206,339290,,,,,
Reg,HASCOL,6.1,6.03,6.15,6.04,6.07,+,0.04,331,1007263,6134188.95,,,,,
Reg,HBL,126.95,126.31,126.95,124.5,124.5,-,-1.81,635,672987,84646145.47,,,,,
FUT,HBL-JUL,128.5,129,128.65,127,127,-,-2,87,358500,45554680,,,,,
FUT,HBL-JUNB,126.25,126.62,126.89,125.01,125.26,-,-1.36,52,310500,38943375,,,,,
Reg,HBLTETF,0,101.45,0,0,0,#ERROR!,0,2,535000,51360000,,,,,
Reg,HCAR,288.4,286.31,294.9,288.4,290.25,+,3.94,662,151303,44075755.96,,,,,
Reg,HCL,422,421.88,433.99,415,416,-,-5.88,16,217,90348.09,,,,,
Reg,HGFA,6.95,6.27,6.95,6.66,6.79,+,0.52,46,371613,2492303.03,,,,,
Reg,HIFA,2.76,2.53,2.89,2.7,2.79,+,0.26,41,59661,163901.83,,,,,
Reg,HINO,303,301.29,303,290,295.99,-,-5.3,32,1709,505461.06,,,,,
Reg,HINOON,717.8,710.22,717.8,711,711,+,0.78,16,49,34962.59,,,,,
Reg,HIRAT,2.6,2.67,2.77,2.6,2.65,-,-0.02,171,88690,241871.4,,,,,
Reg,HMB,68.8,68.03,69,68,68,-,-0.03,38,62883,4276897.15,,,,,
Reg,HPL,1600,1600,1600,1600,1600,#ERROR!,0,3,280,448000,,,,,
Reg,HSPI,10.59,10.4,11.25,10.5,11,+,0.6,34,14094,154135.44,,,,,
Reg,HTL,35.7,35.69,36.65,35.7,36,+,0.31,717,1278275,46380416.04,,,,,
Reg,HUBC,164,163.94,169.7,163,167.5,+,3.56,5721,7117283,1195505637,,,,,
FUT,HUBC-JULB,166,166.75,172.48,166,170,+,3.25,678,1040000,177413510,,,,,
FUT,HUBC-JUNB,164,164.45,170,163.35,167.6,+,3.15,487,931500,156411900,,,,,
Reg,HUMNL,10.81,10.79,11.08,10.76,10.82,+,0.03,1447,14139876,154556342,,,,,
FUT,HUMNL-JUL,11,10.96,11.3,11,11,+,0.04,256,1065000,11852060,,,,,
FUT,HUMNL-JUN,10.9,10.82,11.1,10.8,10.9,+,0.08,432,2013000,22083265,,,,,
Reg,HWQS,8.45,8.54,8.8,8.45,8.53,-,-0.01,4,1223,10409.13,,,,,
Reg,IBLHL,31.9,31.64,32.5,31.5,31.5,-,-0.14,42,44972,1439719.78,,,,,
Reg,ICCI,7.2,6.62,7.62,6.61,7.62,+,1,86,299996,2130753.91,,,,,
Reg,ICIBL,1.55,1.44,1.55,1.42,1.49,+,0.05,6,1196,1710.17,,,,,
Reg,ICL,45,45,45.89,44.25,45.8,+,0.8,31,22426,1013602.82,,,,,
Reg,IDYM,120.6,122.79,124.95,120.5,121.1,-,-1.69,15,10971,1357297.45,,,,,
Reg,IGIHL,123.01,123.39,123.2,123,123.05,-,-0.34,8,38351,4713549.91,,,,,
Reg,ILP,71.83,71.48,72.7,70.5,71.38,-,-0.1,1518,1468023,104823690.4,,,,,
FUT,ILP-JUL,72.5,72.63,73.35,71.8,72.5,-,-0.13,49,63500,4611990,,,,,
FUT,ILP-JUN,71.05,71.84,73.74,70.5,71.5,-,-0.34,53,46000,3294755,,,,,
Reg,IMAGE,13.09,13.06,13.2,13.03,13.05,-,-0.01,47,50485,663476.19,,,,,
Reg,INDU,1590,1589,1590,1581.05,1589,#ERROR!,0,21,89,141165.97,,,,,
Reg,INIL,192,191.05,194.5,190.02,193.15,+,2.1,327,195665,37863776.63,,,,,
FUT,INIL-JUL,195.55,195,197.55,195.55,197,+,2,244,251000,49509995,,,,,
FUT,INIL-JUN,193,191.37,194.9,193,193.66,+,2.29,273,271500,52766880,,,,,
Reg,IPAK,24.2,24.21,24.2,24.1,24.1,-,-0.11,15,7578,182849.65,,,,,
Reg,ISIL,1400,1388.94,1400,1350,1398,+,9.06,7,19,25947.41,,,,,
Reg,ISL,85,84.93,87,85,86,+,1.07,531,774645,66839889.66,,,,,
FUT,ISL-JUL,87,86,88.32,87,87.85,+,1.85,106,216500,19005300,,,,,
FUT,ISL-JUN,86.49,85.1,87.95,85.99,86.5,+,1.4,73,48500,4196450,,,,,
Reg,ITTEFAQ,6.1,6.03,6.15,6.01,6.05,+,0.02,67,214960,1300504.01,,,,,
Reg,JDMT,63.48,62.57,63.48,63.48,63.48,+,0.91,1,1,63.48,,,,,
Reg,JDWS,500,481.22,500,493.86,493.86,+,12.64,5,196,97389.68,,,,,
Reg,JGICL,45.98,46,45.98,45.5,45.5,-,-0.5,4,626,28724.48,,,,,
Reg,JLICL,128.01,128.05,128.01,128,128,-,-0.05,2,1000,128001,,,,,
Reg,JSBL,9.38,9.25,9.38,9.19,9.2,-,-0.05,14,91100,838128,,,,,
FUT,JSBL-JUL,9.37,9.27,9.37,9.37,9.37,+,0.1,1,500,4685,,,,,
FUT,JSBL-JUN,9.23,9.39,9.23,9.2,9.2,-,-0.19,2,20500,188615,,,,,
Reg,JSCL,18.58,18.22,18.6,17.85,17.9,-,-0.32,43,137550,2481517.6,,,,,
Reg,JSCLPSA,7.06,7.67,7.06,7.06,7.06,-,-0.61,2,3680,25954,,,,,
Reg,JSGBETF,18.77,18.75,18.77,18.77,18.77,+,0.02,1,500,9385,,,,,
Reg,JSGCL,211.82,194.33,211.82,200,200,+,5.67,3,16,3211.82,,,,,
Reg,JSIL,16,16,16,16,16,#ERROR!,0,8,7200,115240,,,,,
Reg,JSMFETF,19.56,19.26,19.56,19.45,19.45,+,0.19,4,15000,292550,,,,,
Reg,JUBS,12.62,12.11,12.7,12.62,12.7,+,0.59,2,202,2549.4,,,,,
Reg,JVDC,35.2,35.39,35.25,35.2,35.22,-,-0.17,3,1500,52835,,,,,
Reg,KAPCO,32.75,32.75,32.99,32.61,32.8,+,0.05,211,806684,26419782.34,,,,,
FUT,KAPCO-JUL,33.39,33.5,33.4,33,33.2,-,-0.3,11,437500,14585195,,,,,
FUT,KAPCO-JUN,32.79,32.8,33,32.79,32.82,+,0.02,9,436500,14329305,,,,,
Reg,KEL,4.45,4.43,4.69,4.45,4.57,+,0.14,1712,20283727,93614433.12,,,,,
FUT,KEL-JUL,4.6,4.51,4.76,4.56,4.65,+,0.14,432,2995500,14065960,,,,,
FUT,KEL-JUN,4.47,4.44,4.7,4.47,4.62,+,0.18,370,3580000,16506660,,,,,
Reg,KHTC,306.9,297.03,306.9,295,301.89,+,4.86,18,627,185721.37,,,,,
Reg,KOHC,248,244,248,241.01,244,#ERROR!,0,40,1585,385519.23,,,,,
FUT,KOHC-JUL,250,247.14,250,250,250,+,2.86,2,1000,250000,,,,,
Reg,KOHE,41,40.86,41.1,40.9,41,+,0.14,40,24960,1023545.95,,,,,
Reg,KOHP,5.55,5.6,5.74,5.51,5.74,+,0.14,10,13208,72986.54,,,,,
Reg,KOSM,4.25,4.24,4.29,4.18,4.18,-,-0.06,390,1598235,6765107.79,,,,,
FUT,KOSM-JUL,4.45,4.33,4.45,4.26,4.26,-,-0.07,435,1702000,7331135,,,,,
FUT,KOSM-JUN,4.24,4.26,4.3,4.16,4.2,-,-0.06,381,1316000,5583930,,,,,
Reg,KSBP,115.45,112.35,115.45,108,112.98,+,0.63,103,29713,3293169.24,,,,,
Reg,KSTM,4.25,3.36,4.25,2.51,2.51,-,-0.85,17,22360,74719.83,,,,,
Reg,KTML,89.99,89,89.99,89.99,89.99,+,0.99,1,37,3329.63,,,,,
Reg,LCI,915,913.46,915,915,915,+,1.54,3,1001,919670,,,,,
Reg,LEUL,14.1,12.94,14.1,13.02,14.1,+,1.16,17,3601,50126.1,,,,,
Reg,LOADS,9.65,9.65,9.65,9.34,9.5,-,-0.15,44,66667,634575.39,,,,,
Reg,LOTCHEM,18.2,18.12,18.45,17.1,17.55,-,-0.57,1758,11135593,193502473.3,,,,,
FUT,LOTCHEM-JUL,18.23,18.15,18.23,17.4,17.68,-,-0.47,181,620500,11026210,,,,,
FUT,LOTCHEM-JUNB,17.95,17.9,18,17.05,17.38,-,-0.52,295,4142000,71650335,,,,,
Reg,LPGL,44.05,40.41,44.05,38.01,40,-,-0.41,398,231011,9618134.39,,,,,
Reg,LPL,25.98,25.8,26.06,25.62,25.94,+,0.14,417,434458,11246493.99,,,,,
FUT,LPL-JUL,26.3,26.31,26.6,26.1,26.51,+,0.2,19,16000,420610,,,,,
FUT,LPL-JUNB,25.9,25.83,26.49,25.61,26,+,0.17,40,37000,960910,,,,,
Reg,LSECL,3.14,3.08,3.55,3.1,3.37,+,0.29,121,212989,724514.57,,,,,
Reg,LSEFSL,3.74,3.57,4.5,3.7,3.7,+,0.13,28,16727,64834.17,,,,,
Reg,LSEVL,5.96,5.8,5.96,5.96,5.96,+,0.16,1,25,149,,,,,
Reg,LUCK,904.4,904.39,913.45,904.4,910,+,5.61,375,60586,55178596.22,,,,,
FUT,LUCK-JUL,919.27,918.2,926,919.27,926,+,7.8,11,6000,5540470,,,,,
FUT,LUCK-JUN,911,906.33,913.99,910,912,+,5.67,21,12000,10951495,,,,,
Reg,MACFL,18.2,18.01,18.2,18.2,18.2,+,0.19,1,50,910,,,,,
Reg,MARI,2650,2651.01,2699.99,2649.99,2673,+,21.99,331,13503,36157998.74,,,,,
Reg,MCB,240.89,240.89,244.99,240.89,242.99,+,2.1,481,285248,69199668.87,,,,,
Reg,MCBIM,33.5,33.5,33.5,33.5,33.5,#ERROR!,0,4,9,301.5,,,,,
Reg,MDTL,1.75,1.66,1.75,1.65,1.65,-,-0.01,20,45040,74598.5,,,,,
Reg,MEBL,240.5,240.23,242.7,238.5,240.9,+,0.67,988,462762,111348384.6,,,,,
FUT,MEBL-JUL,235.52,242.5,249.44,235.5,248.02,+,5.52,11,7000,1703155,,,,,
FUT,MEBL-JUNB,241,240,243.39,241,243.39,+,3.39,3,2000,484195,,,,,
Reg,MEHT,455.55,498.95,543,455.55,535,+,36.05,4,13,6955.54,,,,,
Reg,MERIT,13.49,12.88,13.69,12.9,13.19,+,0.31,113,629160,8215398.1,,,,,
Reg,META,12.81,12.4,12.81,12.4,12.59,+,0.19,34,45771,573931.41,,,,,
Reg,MFFL,138,136.36,138,134.1,134.5,-,-1.86,73,16299,2201715.56,,,,,
Reg,MFL,28.7,28.34,29.2,28.5,28.5,+,0.16,225,291829,8443271.29,,,,,
Reg,MIIETF,10.95,11.14,10.97,10.9,10.94,-,-0.2,38,84000,918260,,,,,
Reg,MIRKS,32.77,32.87,32.8,32.5,32.5,-,-0.37,39,36738,1195134.66,,,,,
Reg,MLCF,38,37.88,38.25,37.72,37.95,+,0.07,238,644793,24404600.78,,,,,
FUT,MLCF-JUL,38.62,38.47,38.7,38.5,38.53,+,0.06,41,245000,9457305,,,,,
FUT,MLCF-JUN,38,37.97,38.35,37.56,38,+,0.03,76,725000,27625700,,,,,
Reg,MQTM,32,32,32,32,32,#ERROR!,0,2,500,16000,,,,,
Reg,MRNS,54,54,54,54,54,#ERROR!,0,6,3790,204660,,,,,
Reg,MTL,641.8,638.42,642,636.8,637,-,-1.42,186,9920,6339517.45,,,,,
FUT,MTL-JUL,0,651.87,0,0,0,#ERROR!,0,4,10000,6425000,,,,,
FUT,MTL-JUN,0,639.72,0,0,0,#ERROR!,0,4,10000,6330000,,,,,
Reg,MUGHAL,92.5,92.68,93.5,90.6,90.75,-,-1.93,486,379593,34996859.62,,,,,
FUT,MUGHAL-JUL,94.01,93.6,94.01,92.7,92.7,-,-0.9,29,26000,2426190,,,,,
FUT,MUGHAL-JUN,93,92.98,93.5,91.05,91.05,-,-1.93,30,21500,1982665,,,,,
Reg,MUREB,431,434.44,445,430,437,+,2.56,15,13243,5814064.99,,,,,
Reg,MWMP,14.9,14.18,15.46,14.74,15.46,+,1.28,126,178334,2735231.91,,,,,
Reg,MZNPETF,15.55,14.63,15.8,14.75,15.01,+,0.38,76,595500,9129320,,,,,
Reg,NATF,174,172.04,174,170.15,172.98,+,0.94,50,2448,421256.08,,,,,
Reg,NBP,37.44,37.49,37.75,36.83,37.1,-,-0.39,463,1578873,58669735.24,,,,,
Reg,NBPGETF,17.82,17.73,17.82,17.82,17.82,+,0.09,2,1000,17770,,,,,
FUT,NBP-JUL,38,37.53,38.1,37.57,37.57,+,0.04,50,60000,2270535,,,,,
FUT,NBP-JUN,37.5,37.63,37.75,37,37.09,-,-0.54,103,324000,12028270,,,,,
Reg,NCL,27.11,27.3,27.5,26.75,26.8,-,-0.5,189,373232,10071855.8,,,,,
FUT,NCL-JUN,26.95,27.3,26.95,26.9,26.9,-,-0.4,22,20000,538050,,,,,
Reg,NCML,7.49,7.41,7.82,7.49,7.65,+,0.24,34,59846,457573.24,,,,,
Reg,NCPL,30,30.04,31,29.92,30.8,+,0.76,683,2606314,79255849.97,,,,,
FUT,NCPL-JUL,30.74,30.7,31.35,30.74,31.35,+,0.65,5,4000,124185,,,,,
FUT,NCPL-JUN,30.05,30.26,31.2,30.05,31.2,+,0.94,26,45500,1389235,,,,,
Reg,NESTLE,7025,7156.35,7060,6610,6699,-,-457.35,117,1122,7536257.09,,,,,
Reg,NETSOL,142,140.96,143.25,141.13,142.15,+,1.19,1432,931566,132700982.7,,,,,
FUT,NETSOL-JUL,144.8,143.58,145.25,143.01,144.25,+,0.67,422,439500,63509960,,,,,
FUT,NETSOL-JUN,141.56,141.51,143.5,141.11,142.5,+,0.99,531,495000,70584770,,,,,
Reg,NEXT,4.56,4.92,4.9,4.56,4.9,-,-0.02,5,55502,270489.75,,,,,
Reg,NICL,113.51,118.9,113.51,113.51,113.51,-,-5.39,1,15,1702.65,,,,,
Reg,NML,70.75,69.97,70.75,70,70.01,+,0.04,174,79561,5598263.21,,,,,
FUT,NML-JUL,71.41,71.06,71.41,71.15,71.15,+,0.09,3,3500,249645,,,,,
FUT,NML-JUN,70.5,70.09,70.6,70.25,70.25,+,0.16,28,28500,2009775,,,,,
Reg,NONS,100,102.67,100,99,99,-,-3.67,2,100,9901,,,,,
Reg,NPL,40.5,40.73,42.49,40.5,41.95,+,1.22,293,294685,12292431.42,,,,,
FUT,NPL-JUL,41.35,38.21,41.44,41.35,41.44,+,3.23,2,2000,82790,,,,,
FUT,NPL-JUNB,40.45,37.14,40.45,40.45,40.45,+,3.31,1,500,20225,,,,,
Reg,NRL,276.75,275.09,278.7,271.5,271.5,-,-3.59,529,179130,49330188.15,,,,,
FUT,NRL-JUL,281.17,280,282,275.87,275.87,-,-4.13,146,224500,62935165,,,,,
FUT,NRL-JUN,275.5,275.92,278.8,272,272.2,-,-3.72,152,222000,61360200,,,,,
Reg,NRSL,19.89,19.5,20.04,19.6,19.6,+,0.1,39,69293,1382088.71,,,,,
Reg,OBOY,5.92,5.95,5.93,5.9,5.91,-,-0.04,10,6001,35490.91,,,,,
Reg,OCTOPUS,102,105,103,100,100,+,4.77,2673,3997106,350892693,,,,,
Reg,OGDC,129,129.05,129.25,127.27,127.8,-,-1.25,2480,3182960,407542314.8,,,,,
FUT,OGDC-JULB,131.1,131.38,131.31,129.1,129.8,-,-1.58,442,875000,113810230,,,,,
FUT,OGDC-JUNB,129.2,129.56,129.2,127.7,128.2,-,-1.36,404,842000,108014470,,,,,
Reg,OLPL,27.9,27.99,28,27.9,27.99,#ERROR!,0,4,11000,307790,,,,,
Reg,OLPM,13.88,13.85,13.95,13.88,13.95,+,0.1,7,5425,75638.25,,,,,
Reg,OML,27.46,25.28,27.55,27,27.55,+,2.27,3,501,13528.01,,,,,
Reg,OTSU,115,117.02,118.35,115,118.35,+,1.33,26,3698,427026.15,,,,,
Reg,PABC,70.9,71,71,70.4,70.5,-,-0.5,75,56620,4008444.19,,,,,
Reg,PACE,3.18,3.14,3.18,3.1,3.1,-,-0.04,67,311745,977406.42,,,,,
Reg,PAEL,24.7,24.78,25.25,24.7,24.9,+,0.12,888,1800649,45143408.45,,,,,
FUT,PAEL-JUL,25.21,25.21,25.6,25.21,25.35,+,0.14,307,2328000,59056800,,,,,
FUT,PAEL-JUN,24.9,24.89,25.39,24.9,24.99,+,0.1,505,2728500,68225430,,,,,
Reg,PAKD,77.5,72.95,77.5,70.31,73.9,+,0.95,15,5595,399321.33,,,,,
Reg,PAKL,18.39,17.7,18.39,18.39,18.39,+,0.69,1,25,459.75,,,,,
Reg,PAKOXY,79.56,79.99,81.9,79.56,81,+,1.01,31,9626,777936.7,,,,,
Reg,PAKRI,9.93,9.91,10.08,9.9,9.95,+,0.04,61,232764,2319839.85,,,,,
Reg,PAKT,1050,1029.93,1050,1012,1012,-,-17.93,15,364,375746,,,,,
Reg,PASL,2.34,2.29,2.39,2.16,2.19,-,-0.1,1250,13390885,30497214.94,,,,,
Reg,PASM,2.83,3.35,3.5,2.83,3.4,+,0.05,13,1657,5491.35,,,,,
Reg,PCAL,0,167,0,0,0,#ERROR!,0,2,13800,2323299,,,,,
Reg,PGLC,7.33,7.31,7.33,7.31,7.31,#ERROR!,0,5,1000,7315.63,,,,,
Reg,PHDL,525.3,525.3,535,510,525,-,-0.3,27,869,463160.39,,,,,
Reg,PIAHCLA,13.22,12.93,13.5,13.15,13.21,+,0.28,1927,4374896,58250824.46,,,,,
FUT,PIAHCLA-JUL,13.29,13.1,13.71,13.29,13.41,+,0.31,365,1215500,16421790,,,,,
FUT,PIAHCLA-JUN,13.18,12.93,13.55,13.17,13.25,+,0.32,424,1616500,21521530,,,,,
Reg,PIBTL,6.17,6.15,6.24,6.12,6.15,#ERROR!,0,305,987486,6111588.42,,,,,
FUT,PIBTL-JUL,6.21,6.25,6.31,6.21,6.29,+,0.04,106,161500,1015955,,,,,
FUT,PIBTL-JUN,6.23,6.17,6.25,6.19,6.2,+,0.03,123,284000,1763960,,,,,
Reg,PICT,39.12,39.39,39.64,39.12,39.2,-,-0.19,40,8772,346151.38,,,,,
Reg,PIL,1.89,1.8,1.89,1.78,1.81,+,0.01,48,1895943,3412366.62,,,,,
Reg,PIOC,163.51,163.35,164.99,162.01,162.01,-,-1.34,195,112914,18470508.85,,,,,
FUT,PIOC-JUL,166,166,167,166,166.25,+,0.25,11,19000,3166350,,,,,
FUT,PIOC-JUN,163.2,163.98,165.51,163,163,-,-0.98,40,34500,5665225,,,,,
Reg,PKGP,91.92,88.01,91.92,88,88.5,+,0.49,12,2019,177693.92,,,,,
Reg,PKGS,519.5,512.75,530,485.18,485.18,-,-27.57,103,98391,51697823.51,,,,,
Reg,PMI,2.01,2,2.02,1.85,1.97,-,-0.03,19,7741,14798.83,,,,,
Reg,PMPK,565,603.13,565,565,565,-,-38.13,2,50,28250,,,,,
Reg,PNSC,303.01,304.67,309.9,302,304,-,-0.67,46,16484,5022567.65,,,,,
Reg,POL,489,488.67,490,486.5,487.89,-,-0.78,144,86513,42263840.55,,,,,
Reg,POWER,5.52,5.51,5.64,5.52,5.52,+,0.01,51,95721,532403.9,,,,,
FUT,POWER-JUN,5.62,5.55,5.62,5.55,5.55,#ERROR!,0,14,35000,194600,,,,,
Reg,POWERPS,11,10.5,11,11,11,+,0.5,1,10,110,,,,,
Reg,PPL,116.97,116.81,117.22,116,116.2,-,-0.61,1406,1287696,150148706.6,,,,,
FUT,PPL-JULB,119,118.91,119,118,118,-,-0.91,194,512500,60778335,,,,,
FUT,PPL-JUNB,117.24,117.18,117.4,116.4,116.4,-,-0.78,214,561500,65577400,,,,,
Reg,PPP,74.85,76.25,77.25,74.85,77.25,+,1,3,575,43200.75,,,,,
Reg,PREMA,14.6,14.64,14.9,14.6,14.6,-,-0.04,57,79765,1173889.42,,,,,
Reg,PRET,300.1,320.62,300.1,300.1,300.1,-,-20.52,1,4,1200.4,,,,,
Reg,PRL,24.25,24.12,24.42,24.05,24.1,-,-0.02,895,1067417,25872403.8,,,,,
FUT,PRL-JUL,24.66,24.62,24.85,24.5,24.55,-,-0.07,256,632500,15624710,,,,,
FUT,PRL-JUN,24.35,24.2,24.5,24.17,24.17,-,-0.03,349,876500,21325065,,,,,
Reg,PSEL,819.99,801.2,819.99,770.1,814.98,+,13.78,5,8,6300.91,,,,,
Reg,PSO,167.97,167.72,169,167.52,167.77,+,0.05,570,292199,49117296.73,,,,,
FUT,PSO-JUL,170.51,170.64,171.49,170.12,170.35,-,-0.29,127,202000,34461165,,,,,
FUT,PSO-JUN,168.5,168.26,169.2,167.8,167.95,-,-0.31,142,188000,31625915,,,,,
Reg,PSX,13.4,13.34,13.55,13.27,13.27,-,-0.07,108,534592,7177305.74,,,,,
Reg,PTC,12.09,11.94,12.1,11.98,12,+,0.06,233,327418,3939843.67,,,,,
FUT,PTC-JUL,12.3,12.18,12.3,12.2,12.2,+,0.02,23,111500,1365900,,,,,
FUT,PTC-JUN,12,11.99,12.1,12,12.06,+,0.07,96,525000,6331120,,,,,
Reg,PTL,37.99,37.78,38.35,37.99,38.2,+,0.42,44,13606,518399.52,,,,,
Reg,QUICE,4.59,4.4,4.59,4.41,4.46,+,0.06,13,2510,11209.32,,,,,
Reg,REDCO,7.86,8,8.1,7.86,8.1,+,0.1,6,112,896.72,,,,,
Reg,REWM,73.55,80.81,73.55,73.55,73.55,-,-7.26,1,24,1765.2,,,,,
Reg,RMPL,7670,7625.06,7670,7600,7600,-,-25.06,5,9,68470,,,,,
Reg,RPL,14.25,14.28,14.35,14.1,14.13,-,-0.15,25,164049,2345073.88,,,,,
Reg,RUBY,8.55,9.28,8.8,8.28,8.28,-,-1,107,137421,1138520.3,,,,,
Reg,RUPL,16.52,16.67,16.7,16.5,16.68,+,0.01,7,7300,120616.07,,,,,
Reg,SAIF,10.62,10.92,11.3,10.5,11.3,+,0.38,12,37501,380595,,,,,
Reg,SANE,2.55,2.74,3.74,2.55,3.74,+,1,75,69785,250598.31,,,,,
Reg,SASML,42.45,39,42.45,36,40,+,1,15,1001,36673,,,,,
Reg,SAZEW,835,820.34,863.99,833,843,+,22.66,4220,1022741,870073157.8,,,,,
FUT,SAZEW-JUL,845,833.83,874,844,858,+,24.17,729,600500,518801165,,,,,
FUT,SAZEW-JUNB,830.02,823.11,865,830.02,846.5,+,23.39,907,767500,653933410,,,,,
Reg,SBL,11.02,11.91,11.02,11.02,11.02,-,-0.89,7,1952,21912.64,,,,,
Reg,SCBPL,63,61.7,63,62.8,62.99,+,1.29,8,1090,68638.95,,,,,
Reg,SCL,297.99,273.93,297.99,270,276,+,2.07,4,400,111899,,,,,
Reg,SEARL,58,58.01,58.3,57.4,57.45,-,-0.56,1440,1256932,72439414.14,,,,,
FUT,SEARL-JUL,59,58.98,59,58.26,58.35,-,-0.63,682,2553000,149693085,,,,,
FUT,SEARL-JUN,58,58.07,58.2,57.5,57.6,-,-0.47,749,2589500,149734750,,,,,
Reg,SEL,10.86,11.04,10.86,10.86,10.86,-,-0.18,1,409,4441.74,,,,,
Reg,SEPL,134,134.26,134,132,132,-,-2.26,19,2798,371429.05,,,,,
Reg,SERT,11.63,10.63,11.63,11.63,11.63,+,1,10,13207,153597.41,,,,,
Reg,SFL,1360.55,1479.98,1400,1360.55,1400,-,-79.98,2,8,1.10E+04,,,,,
Reg,SGF,77.11,77.11,77.3,77,77,-,-0.11,39,48600,3743719.82,,,,,
Reg,SGPL,10.47,9.6,10.47,9.7,10.3,+,0.7,58,50226,510331.4,,,,,
Reg,SHEL,135,134.26,135.93,133.13,135.03,+,0.77,180,71578,9690025.07,,,,,
FUT,SHEL-JUL,137.1,136.77,137.94,137,137,+,0.23,27,139000,19093825,,,,,
FUT,SHEL-JUN,134.9,134.93,136,134.9,135.01,+,0.08,45,150000,2.03E+07,,,,,
Reg,SHEZ,94,94,94,93.8,94,#ERROR!,0,10,1110,104228.4,,,,,
Reg,SHFA,144.88,141.42,144.88,142,142,+,0.58,8,10111,1452379.08,,,,,
Reg,SHNI,4.8,4.36,4.8,4.3,4.55,+,0.19,15,6407,28595.87,,,,,
Reg,SIBL,4.98,4.93,4.98,4.94,4.98,+,0.05,5,81,402.31,,,,,
Reg,SIEM,521,522.8,525,520,520,-,-2.8,26,1728,898503,,,,,
Reg,SILK,0.97,0.95,0.97,0.95,0.95,#ERROR!,0,116,721962,691175.02,,,,,
Reg,SINDM,10.85,10.55,10.85,10.85,10.85,+,0.3,1,10,108.5,,,,,
Reg,SITC,354,344.73,354,313.7,338.9,-,-5.83,29,1087,349400.77,,,,,
Reg,SKRS,8.88,8.77,8.88,8.88,8.88,+,0.11,1,1,8.88,,,,,
Reg,SLGL,8.6,8.62,8.78,8.6,8.75,+,0.13,9,3286,28752.35,,,,,
Reg,SLL,2.88,2.15,2.88,2.16,2.48,+,0.33,6,801,1864.88,,,,,
Reg,SLYT,0,2.97,0,0,0,#ERROR!,0,1,1,2.71,,,,,
Reg,SMCPL,18.99,19.38,19.19,18.99,19,-,-0.38,8,6461,122777,,,,,
Reg,SNAI,25.63,24,25.64,25.63,25.64,+,1.64,3,1001,25665.63,,,,,
Reg,SNBL,11.6,11.71,11.8,11.6,11.75,+,0.04,111,140142,1643681.78,,,,,
FUT,SNBL-JUN,11.71,11.72,11.75,11.71,11.75,+,0.03,4,2000,23460,,,,,
Reg,SNGP,64.99,64.29,65.25,64.01,64.3,+,0.01,539,507529,32867959.78,,,,,
FUT,SNGP-JUL,65.77,65.5,66.25,65,65.49,-,-0.01,80,168500,11060115,,,,,
FUT,SNGP-JUN,64.95,64.39,65.2,64.11,64.4,+,0.01,142,262000,1.70E+07,,,,,
Reg,SPEL,15.39,15.1,15.39,15.2,15.2,+,0.1,2,1001,15215.39,,,,,
Reg,SPL,13.17,13.62,13.5,13.17,13.4,-,-0.22,14,15510,2.08E+05,,,,,
Reg,SPWL,18.62,18.64,18.84,18.1,18.5,-,-0.14,279,255234,4734976.84,,,,,
Reg,SRVI,940.28,958.14,968.5,940.28,951.55,-,-6.59,12,422,401608.21,,,,,
Reg,SSGC,9.65,9.64,9.8,9.63,9.66,+,0.02,93,166528,1.61E+06,,,,,
FUT,SSGC-JUL,9.78,9.9,9.78,9.78,9.78,-,-0.12,1,500,4890,,,,,
FUT,SSGC-JUN,9.7,9.7,9.7,9.61,9.61,-,-0.09,18,41000,394835,,,,,
Reg,SSOM,81.99,75.74,82.56,80,82.56,+,6.82,104,25302,2074812.56,,,,,
Reg,STCL,14.44,14.12,14.44,13.81,13.85,-,-0.27,6,1244,17502.94,,,,,
Reg,STJT,78.2,80,79.2,78,78,-,-2,8,1100,85901.4,,,,,
Reg,STPL,5.6,5.57,5.95,5.49,5.7,+,0.13,568,2878994,16187600.53,,,,,
Reg,STYLERS,49.5,49.05,51.5,49.5,51.5,+,2.45,3,30,1487,,,,,
Reg,SUTM,87.5,86.99,87.5,87.5,87.5,+,0.51,1,1,87.5,,,,,
Reg,SYM,5.12,5.08,5.19,5.05,5.13,+,0.05,180,365544,1879357.22,,,,,
Reg,SYS,420.16,421.51,426.25,420.15,424,+,2.49,419,111447,47264224.66,,,,,
FUT,SYS-JUL,0,429.92,0,0,0,#ERROR!,0,1,1000,434000,,,,,
FUT,SYS-JUN,422.02,422.11,426.25,422.02,423.01,+,0.9,7,5000,2124155,,,,,
Reg,TATM,60,59.95,60,59.6,59.6,-,-0.35,4,600,35780.5,,,,,
Reg,TBL,19.8,19.77,20.17,19.75,19.85,+,0.08,161,94572,1889942.38,,,,,
Reg,TCORP,12.6,12.57,12.6,12.6,12.6,+,0.03,1,4,50.4,,,,,
Reg,TELE,7.69,7.61,7.74,7.56,7.59,-,-0.02,363,436416,3341645.37,,,,,
FUT,TELE-JUL,7.36,7.7,7.8,7.36,7.71,+,0.01,20,265000,2064975,,,,,
FUT,TELE-JUN,7.7,7.7,7.73,7.6,7.61,-,-0.09,102,401000,3086390,,,,,
Reg,TGL,116.15,117.25,120,116.15,118.6,+,1.35,310,86095,10223059.04,,,,,
FUT,TGL-JUL,113.03,119,119.6,113.03,119.6,+,0.6,11,5500,631980,,,,,
FUT,TGL-JUN,111.23,118.15,119,111.23,119,+,0.85,20,11500,1331235,,,,,
Reg,THALL,460.03,463.45,469.01,460.03,469.01,+,5.56,2,37,17308.47,,,,,
Reg,THCCL,34.49,34.15,34.89,33.7,34.18,+,0.03,67,64544,2202283.96,,,,,
Reg,TOMCL,37.1,37.42,37.59,36.7,36.71,-,-0.71,820,752022,27885077.15,,,,,
FUT,TOMCL-JUL,38,38.21,38.19,37.4,37.4,-,-0.81,118,322500,12243435,,,,,
FUT,TOMCL-JUN,37.5,37.71,37.73,37,37.1,-,-0.61,142,386000,14414425,,,,,
Reg,TOWL,140.5,141.34,141,140.5,140.55,-,-0.79,7,487,68436.67,,,,,
Reg,TPL,5,4.95,5,4.93,4.93,-,-0.02,25,106760,529073.82,,,,,
Reg,TPLP,9,8.99,9.25,8.93,8.95,-,-0.04,452,685889,6170773.62,,,,,
FUT,TPLP-JUL,9.16,9.11,9.18,9.1,9.15,+,0.04,36,441000,4030030,,,,,
FUT,TPLP-JUN,9.05,9.01,9.05,8.97,9.01,#ERROR!,0,173,618500,5555835,,,,,
Reg,TPLRF1,14.02,15.22,15.72,14.02,15.72,+,0.5,2,2,2.97E+01,,,,,
Reg,TPLT,5.97,5.99,6.02,5.97,6,+,0.01,22,183747,1100845.27,,,,,
Reg,TREET,15.56,15.58,15.96,15.51,15.52,-,-0.06,605,791205,12337168.5,,,,,
FUT,TREET-JUL,15.96,15.9,15.96,15.76,15.76,-,-0.14,225,412000,6528190,,,,,
FUT,TREET-JUN,15.59,15.62,15.72,15.54,15.55,-,-0.07,339,684500,10683950,,,,,
Reg,TRG,63.2,62.92,63.7,62.31,62.99,+,0.07,793,1649137,103836044.3,,,,,
FUT,TRG-JUL,64,64.44,64.7,63.9,64,-,-0.44,313,1477000,95216935,,,,,
FUT,TRG-JUN,62.95,63.13,63.99,62.91,63.06,-,-0.07,448,2678000,170211755,,,,,
Reg,TRIPF,111.12,112.2,116,111.12,116,+,3.8,2,3,338.24,,,,,
Reg,TSBL,10.52,11.56,12,10.52,12,+,0.44,11,15203,180788,,,,,
Reg,TSMF,4.4,4.6,4.4,4.4,4.4,-,-0.2,1,50,220,,,,,
Reg,TSML,67.1,69.85,67.1,65,65,-,-4.85,2,21,1394.4,,,,,
Reg,TSPL,9.61,9.72,9.61,9.46,9.58,-,-0.14,6,37505,358093.05,,,,,
Reg,UBDL,11.23,11.5,11.23,11.05,11.05,-,-0.45,7,3000,33346.12,,,,,
Reg,UBL,258.95,257.58,259.8,257.65,258,+,0.42,400,162360,41995189.83,,,,,
FUT,UBL-JUL,263.97,262.45,264,263.36,263.36,+,0.91,10,8000,2108555,,,,,
FUT,UBL-JUNB,260,258.5,260.5,259.01,259.46,+,0.96,9,4500,1168685,,,,,
Reg,UBLPETF,19.15,19.12,19.15,19.15,19.15,+,0.03,3,7500,143625,,,,,
Reg,UCAPM,1.97,1.81,1.99,1.83,1.98,+,0.17,19,1036,2053.3,,,,,
Reg,UNIC,12.95,12.8,12.99,12.8,12.99,+,0.19,12,8792,113951.65,,,,,
Reg,UNITY,29.4,29.4,29.89,29,29.24,-,-0.16,1828,3990869,117645054.7,,,,,
FUT,UNITY-JULB,30.48,29.96,30.48,29.59,29.7,-,-0.26,939,2664500,79915225,,,,,
FUT,UNITY-JUNB,29.7,29.44,29.9,29.11,29.35,-,-0.09,674,1481000,43683205,,,,,
Reg,UPFL,18399.99,18300,18399.99,18340,18350,+,50,4,9,165149.99,,,,,
Reg,UVIC,8,7.29,8.19,6.3,6.3,-,-0.99,18,33500,232962,,,,,
Reg,WAVES,7.21,7.17,7.35,7.21,7.22,+,0.05,387,129411,940201.86,,,,,
Reg,WAVESAPP,17,16.69,17.2,16.41,16.41,-,-0.28,116,123615,2061014.79,,,,,
FUT,WAVES-JUL,7.35,7.31,7.45,7.35,7.38,+,0.07,114,1086500,8010790,,,,,
FUT,WAVES-JUN,7.2,7.15,7.35,7.2,7.3,+,0.15,123,1091500,7918625,,,,,
Reg,WTL,1.3,1.28,1.3,1.27,1.28,#ERROR!,0,395,7118385,9072808.6,,,,,
FUT,WTL-JUL,1.3,1.3,1.31,1.3,1.3,#ERROR!,0,79,6512000,8480685,,,,,
FUT,WTL-JUN,1.28,1.28,1.29,1.27,1.28,#ERROR!,0,154,12457000,15945350,,,,,
Reg,YOUW,3.36,3.37,3.44,3.3,3.35,-,-0.02,130,326372,1088304.33,,,,,
Reg,ZAHID,30,30,30,30,30,#ERROR!,0,2,154,4.62E+03,,,,,
FUT,TOMCL-JUL,37,37,37.15,36.62,36.62,-,-0.38,36,519500,19062540,,,,,
FUT,TOMCL-JUN,36.11,35.83,36.85,35.51,36.41,+,0.58,743,1274500,46150695,,,,,
Reg,TOWL,142.99,142.7,142.99,142,142.61,-,-0.09,24,2388,340277.08,,,,,
Reg,TPL,5.27,5.17,5.27,5.03,5.04,-,-0.13,131,384728,1951512.05,,,,,
Reg,TPLI,0,14.26,0,0,14.26,#ERROR!,0,1,150,2128.5,,,,,
Reg,TPLP,9.75,9.75,9.8,9.44,9.49,-,-0.26,949,1644048,15676265.29,,,,,
FUT,TPLP-JUN,9.65,9.8,9.75,9.5,9.53,-,-0.27,144,237500,2273430,,,,,
Reg,TPLRF1,15.05,15.61,15.84,15.05,15.79,+,0.18,16,5092,80395.5,,,,,
Reg,TPLT,6.14,6.15,6.24,6,6.02,-,-0.13,78,96668,587613.16,,,,,
Reg,TREET,15.97,16.02,16.1,15.8,15.86,-,-0.16,877,810414,12927605.43,,,,,
FUT,TREET-JUL,16.01,16.41,16.2,16.01,16.2,-,-0.21,13,18000,290500,,,,,
FUT,TREET-JUN,16.01,16.08,16.15,15.75,15.9,-,-0.18,131,190500,3042165,,,,,
Reg,TRG,64.52,64.48,65.1,63.7,63.82,-,-0.66,1473,1239750,79702936.55,,,,,
FUT,TRG-JUL,66.65,65.65,66.65,65.01,65.01,-,-0.64,14,27500,1807235,,,,,
FUT,TRG-JUN,65,64.84,65.4,64,64.19,-,-0.65,527,681500,44025140,,,,,
Reg,TRIPF,112.12,113.5,117.4,112.12,115.39,+,1.89,24,9731,1110045.11,,,,,
Reg,TSBL,11.5,11.5,11.5,11.5,11.5,#ERROR!,0,3,430,4945,,,,,
Reg,TSMF,3.73,4.6,5.33,3.73,4.6,#ERROR!,0,6,25,126.1,,,,,
Reg,TSML,66,69.85,66,66,69.85,#ERROR!,0,1,10,660,,,,,
Reg,TSPL,10,9.53,10,8.75,9.95,+,0.42,36,52835,481297.16,,,,,
Reg,UBDL,12,11.85,12,11.75,11.75,-,-0.1,6,2037,24304.75,,,,,
Reg,UBL,270,260.19,282.03,260.55,265.65,+,5.46,2803,2106556,5.71E+08,,,,,
FUT,UBL-JUL,265,262.01,277,265,270.54,+,8.53,125,213000,58405170,,,,,
FUT,UBL-JUNB,268,256.6,273.5,262,265.86,+,9.26,252,242000,65385055,,,,,
Reg,UBLPETF,19.07,18.74,19.17,18.84,18.98,+,0.24,6,6000,113850,,,,,
Reg,UCAPM,1.99,1.93,2.05,1.85,2.02,+,0.09,43,34246,68156.47,,,,,
Reg,UNIC,12.98,12.86,12.98,12.8,12.84,-,-0.02,49,82883,1065477.76,,,,,
Reg,UNITY,27,27.01,27.34,26.96,27.27,+,0.26,1005,5043256,1.37E+08,,,,,
FUT,UNITY-JUNB,28.99,27.14,28.99,27.01,27.37,+,0.23,299,820500,22461000,,,,,
Reg,UPFL,18182,18181.56,18399.93,18000,18199.06,+,17.5,28,114,2071613.28,,,,,
Reg,UVIC,6.25,5.88,6.48,5.22,6.32,+,0.44,34,36957,210386.72,,,,,
Reg,WAHN,204,202.69,208.98,195.5,202.44,-,-0.25,47,731,147886.11,,,,,
Reg,WAVES,7.55,7.51,7.62,7.41,7.45,-,-0.06,576,1647634,12332581.67,,,,,
Reg,WAVESAPP,17.49,16.72,17.49,15.3,15.55,-,-1.17,622,937384,14617529.28,,,,,
FUT,WAVES-JUN,7.59,7.57,7.59,7.46,7.55,-,-0.02,71,137000,1034095,,,,,
Reg,WTL,1.31,1.31,1.34,1.25,1.27,-,-0.04,1458,43051185,55322442.33,,,,,
FUT,WTL-JUN,1.34,1.31,1.34,1.26,1.28,-,-0.03,79,2324000,2987560,,,,,
Reg,YOUW,3.5,3.53,3.6,3.45,3.45,-,-0.08,115,217096,753240.62,,,,,
FUT,YOUW-JUN,4,3.75,4,4,4,+,0.25,3,8500,29840,,,,,
Reg,ZAHID,26.02,28.13,29.99,26.02,28.13,#ERROR!,0,12,42,1213.39,,,,,
Reg,ZTL,10.99,11,10.99,10.99,11,#ERROR!,0,1,1,10.99,,,,,
